idEn;dateEntretien
1;2022-01-10
2;2022-02-15
3;2022-03-20
4;2022-04-05
5;2022-05-12
6;2022-06-18
7;2022-07-22
8;2022-08-30
9;2022-09-14
10;2022-10-25
11;2022-11-08
12;2022-12-19
13;2023-01-07
14;2023-02-14
15;2023-03-21
16;2023-04-11
17;2023-05-03
18;2023-06-17
19;2023-07-29
20;2023-08-13
21;2023-08-01
22;2023-09-05
23;2023-10-12
24;2023-11-20
25;2023-12-03
26;2024-01-15
27;2024-02-08
28;2024-03-22
29;2024-04-17
30;2024-05-09
31;2024-06-25
32;2024-07-11
33;2024-08-04
34;2024-09-18
35;2024-10-07
36;2024-11-14
37;2024-12-28
38;2025-01-06
39;2025-02-19
40;2025-03-13
41;2025-04-02
42;2025-05-27
43;2025-06-10
44;2025-07-23
45;2025-08-05
46;2025-09-16
47;2025-10-01
48;2025-11-12
49;2025-12-24
50;2026-01-08
51;2022-01-25
52;2022-02-28
53;2022-04-14
54;2022-05-30
55;2022-07-07
56;2022-08-19
57;2022-09-28
58;2022-11-03
59;2022-12-10
60;2023-01-22
61;2023-02-28
62;2023-04-04
63;2023-05-18
64;2023-06-30
65;2023-07-15
66;2023-09-22
67;2023-10-08
68;2023-11-14
69;2023-12-27
70;2024-01-31
71;2024-02-20
72;2024-03-15
73;2024-04-28
74;2024-05-19
75;2024-06-03
76;2024-07-27
77;2024-08-21
78;2024-09-09
79;2024-10-24
80;2024-11-05
81;2024-12-16
82;2025-01-29
83;2025-02-11
84;2025-03-26
85;2025-04-14
86;2025-05-08
87;2025-06-22
88;2025-07-04
89;2025-08-18
90;2025-09-30
91;2025-10-15
92;2025-11-27
93;2025-12-09
94;2026-01-21
95;2026-02-03
96;2026-02-17
97;2026-03-02
98;2026-03-14
99;2026-03-20
100;2026-03-25
